words,count
ang,1687
sa,1591
ng,1401
na,1245
ay,811
at,750
mga,701
si,553
ni,518
kanyang,267
niya,227
siya,215
ito,203
may,195
dahil,193
isang,183
hindi,180
naman,174
simoun,160
basilio,143
pa,137
kay,136
nang,132
daw,132
kapitan,128
kung,126
ngunit,126
padre,123
lamang,115
upang,105
niyang,104
pari,97
kanilang,96
nito,88
siyang,85
rin,84
kaya,83
iyon,81
don,78
din,74
sila,70
ibarra,68
walang,67
bahay,66
nila,65
wala,64
raw,63
lahat,62
isagani,61
di,60
kanya,59
anak,56
maria,55
bayan,54
para,54
tiyago,53
dalawang,51
tao,50
ama,49
heneral,48
ina,47
magayon,46
dumating,46
binata,46
araw,45
dalaga,43
o,43
san,43
naging,42
ayon,41
dito,40
daragang,37
doon,37
sina,37
gat,36
damaso,36
clara,36
nasa,35
lang,35
nakita,34
mula,33
itong,32
isa,32
tungkol,32
raha,31
placido,31
silang,31
namang,31
kastila,31
dapat,30
loob,30
nilang,29
guro,29
noon,28
sinabi,28
siyay,27
ibang,27
umano,27
marami,26
diego,26
juli,26
saka,26
sisa,25
kundi,25
donya,25
custodio,25
makaraig,24
tulisan,24
paulita,24
nga,24
tales,23
kabesang,23
dalawa,23
ulap,22
rafael,22
juanito,22
tila,22
taong,22
kaibigan,21
kasama,21
kanila,21
man,21
prayle,21
kapag,21
sinabing,21
de,21
saan,21
hanggang,20
sibil,20
kahit,20
bilang,20
pilipino,20
simbahan,20
ilang,20
estudyante,20
kura,19
iba,19
nina,19
habang,19
salvi,19
irene,19
magandang,18
nais,18
noong,18
umalis,18
dagdag,18
itoy,18
alahas,18
ani,18
zayb,18
ben,18
ulo,17
quiroga,17
tadeo,17
samantala,17
baka,17
pamahalaan,17
buong,17
hayop,17
lupa,17
ba,17
diumano,17
victorina,17
ilog,17
galit,16
panahon,16
tulong,16
samantalang,16
bata,16
matapos,16
subalit,16
muli,16
taon,16
agad,16
asawa,16
naroon,16
lalo,16
ahas,15
crispin,15
pilosopo,15
tinyente,15
sapagkat,15
sabi,15
pang,15
bundok,15
kawani,15
bakit,15
ayaw,15
sana,15
maraming,15
gabi,15
halip,15
nitong,15
silay,15
maynila,15
mataas,15
malakas,14
makita,14
bago,14
parang,14
maging,14
bagay,14
bayang,14
pilipinas,14
malaking,14
kabilang,14
tinawag,14
nagkaroon,14
pag-aaral,14
kumbento,14
gabing,14
huli,14
kabila,13
bulaklak,13
pagdating,13
kamay,13
pelaez,13
ako,13
umuwi,13
nalaman,13
sakit,13
paaralan,13
sarili,13
mag-aaral,13
klase,13
propesor,13
buhay,13
intsik,13
ibig,13
lalaki,13
camorra,13
kasi,13
napag-usapan,13
magulang,12
urong-sulong,12
pala,12
madalas,12
narinig,12
kawal,12
dating,12
mo,12
silid,12
dala,12
sino,12
piso,12
dahilan,12
wikang,12
nagtungo,12
namatay,12
gubat,12
bangkay,12
takot,12
florentino,12
kausap,12
lugar,12
alam,12
masung,11
tasyo,11
ilawan,11
kasal,11
malaya,11
palabas,11
galing,11
hapunan,11
tanging,11
malaman,11
nangyari,11
mabuti,11
pati,11
puno,11
paa,11
tatlong,11
kayat,11
matanda,11
selo,11
tandang,11
tulad,11
malapit,11
babae,11
alamat,11
pagkaraan,11
ninyo,11
barangay,10
alapaap,10
pagtuga,10
piging,10
kagandahan,10
europa,10
binatang,10
dula,10
kilala,10
muling,10
bawat,10
panauhin,10
pumasok,10
oras,10
aking,10
lihim,10
kapatid,10
huwag,10
mas,10
patay,10
isabel,10
tiya,10
napansin,10
naisip,10
sabihin,10
kailangan,10
kayo,9
iriga,9
makusog,9
dibdib,9
pagmamahal,9
bisita,9
salapi,9
puso,9
ngayon,9
mabilis,9
rito,9
batang,9
handa,9
kapangyarihan,9
lalong,9
ginagawa,9
kalayaan,9
laban,9
kinabukasan,9
hermana,9
baril,9
tatlo,9
higit,9
tahanan,9
aniya,9
nakilala,9
ano,9
tubig,9
sandali,9
ligaya,8
diwata,8
batis,8
sakristan,8
mayor,8
lakas,8
timoteo,8
patuloy,8
panahong,8
katawan,8
dulaan,8
matandang,8
pulbura,8
gayong,8
magnanakaw,8
naniniwala,8
magagandang,8
roon,8
mukha,8
gwardiya,8
pagkain,8
bagong,8
damit,8
masama,8
kalagayan,8
tunay,8
sariling,8
pagiging,8
daan,8
sumama,8
minsan,8
po,8
unang,8
lalaking,8
pagkatapos,8
kabesa,8
libing,8
pakasal,8
anang,8
utusan,8
mag-aalahas,8
nabanggit,8
kasintahan,8
pagtuturo,8
pumunta,8
gumawa,8
usapan,8
akoy,7
mayon,7
bulkan,7
ko,7
aling,7
paroko,7
diyos,7
pag-ibig,7
pista,7
buwan,7
mamatay,7
kayamanan,7
nagpaalam,7
libingan,7
isip,7
biglang,7
paskil,7
anim,7
camarroncocido,7
sibyla,7
matagal,7
tindahan,7
leeds,7
mr,7
utang,7
salita,7
gawain,7
balita,7
pecson,7
sandoval,7
armas,7
tayo,7
pumayag,7
humingi,7
sulat,7
rebolber,7
utos,7
ilan,7
sagot,7
lipunan,7
bahagi,7
magsalita,7
wika,7
bumalik,7
halos,7
paglalakad,7
naalala,7
ditoy,7
bukid,7
paglalakbay,7
ginawa,7
sta,7
espanya,7
magiging,7
usap-usapan,7
mayaman,7
maganda,7
nooy,7
tutol,7
pag-uusap,7
ilalim,7
patungo,7
bapor,7
sima,6
kauen,6
kaharian,6
mariay,6
makiling,6
yaon,6
tauhan,6
chikoy,6
ginto,6
mata,6
likod,6
niyay,6
pera,6
tungkulin,6
bigla,6
kapwa,6
kaalaman,6
nagpatuloy,6
akala,6
sasakyan,6
pinto,6
natakot,6
libong,6
bansa,6
pepay,6
maaring,6
tuloy,6
buhok,6
larawan,6
bagamat,6
estudyanteng,6
salamin,6
unibersidad,6
nagawa,6
natin,6
nagtagal,6
sinang-ayunan,6
tabi,6
nagpunta,6
matinding,6
sadyang,6
kalooban,6
mabuhay,6
gayon,6
magkaroon,6
plano,6
katarungan,6
sinapit,6
paghihiganti,6
lumapit,6
lumabas,6
liwanag,6
bigyan,6
kahoy,6
katiwala,6
karamihan,6
muna,6
sinong,6
penchang,6
may-ari,6
tinanong,6
nawala,6
pook,6
pangarap,6
apoy,6
paliwanag,6
tinutulan,6
pay,6
balak,6
lawa,6
iminungkahi,6
kubyerta,6
lulan,6
pasig,6
akin,5
ka,5
katagalugan,5
lakan,5
ubod,5
talipapa,5
maaari,5
yaoy,5
bathala,5
dayang,5
matatanda,5
kidlat,5
ari-arian,5
katulad,5
alba,5
pia,5
tagalog,5
magalang,5
tumanggi,5
makapangyarihan,5
telegrama,5
gagawin,5
paningin,5
kabuhayan,5
langit,5
sinabihan,5
mayayaman,5
kaganapan,5
gawa,5
nararapat,5
tanod,5
maagang,5
pansit,5
harap,5
kaaway,5
himagsikan,5
laman,5
primitivo,5
naririnig,5
putok,5
apat,5
babaeng,5
pranses,5
naghihintay,5
maya-mayay,5
kaguluhan,5
mahabang,5
kabataan,5
pasta,5
ginoong,5
maari,5
pinuno,5
makinig,5
sanang,5
maysakit,5
paring,5
nagsabing,5
kaagad,5
gaya,5
marangal,5
sandata,5
fernandez,5
natagpuan,5
kaysa,5
makilala,5
ibat,5
mahal,5
kinalalagyan,5
maghiganti,5
ibigay,5
kasalanan,5
laging,5
talaga,5
mawala,5
pangkat,5
kakayahan,5
gitna,5
salitang,5
pangalan,5
isinama,5
karwahe,5
tumulong,5
sugatan,5
kaluluwa,5
pangyayari,5
malungkot,5
itinanong,5
nagaganap,5
panaginip,5
katulong,5
kalaunan,5
dinala,5
inisip,5
napatay,5
nagtanong,5
santo,5
pagkamatay,5
usapin,5
tanong,5
marahil,5
tinugon,5
tamad,5
inanyayahan,5
gomez,5
medisina,5
matatagpuan,5
paraan,5
gong,4
mahiwagang,4
sibat,4
kang,4
albay,4
tumaas,4
ninyong,4
sakop,4
ngayoy,4
buhat,4
taglay,4
luyang,4
madlang,4
pagkat,4
pulong,4
tinuruan,4
tuwing,4
sariwang,4
awa,4
sinuman,4
kita,4
purgatoryo,4
filipo,4
magkapatid,4
pagdalaw,4
puntod,4
sepulturero,4
ulan,4
edukasyon,4
prutas,4
makalipas,4
misa,4
hirap,4
masarap,4
kanya-kanyang,4
dagat,4
magtiis,4
lunas,4
carolino,4
pilit,4
matalik,4
anyo,4
tapat,4
mabait,4
nagsalita,4
pag-alis,4
nalalapit,4
mahilig,4
pag-asa,4
nabalitaan,4
makaraan,4
pagtitipon,4
tatlumput,4
tinong,4
bilanggo,4
sumagot,4
kumalat,4
palihim,4
aming,4
kaming,4
ugali,4
palang,4
dakilang,4
layunin,4
karapat-dapat,4
ipinagtapat,4
pinansin,4
nagsabi,4
gusto,4
nayon,4
nagulat,4
kalat,4
ibinalita,4
pupunta,4
papunta,4
makitang,4
pag,4
umawit,4
panay,4
gagamitin,4
kasiyahan,4
upuan,4
hinihintay,4
iniwan,4
malalaking,4
kasamang,4
pagtatanghal,4
kulang,4
nakapag-asawa,4
sapat,4
kabo,4
mag-aral,4
imuthis,4
binanggit,4
hinanap,4
amerikano,4
mukhang,4
unti-unting,4
kumilos,4
senyor,4
manananggol,4
kastilang,4
hudyat,4
tumindig,4
tumutol,4
guhit,4
sinasabing,4
nakaupo,4
pagkakataon,4
kasulatan,4
anong,4
pagkakaroon,4
paborito,4
nasabi,4
penitente,4
pinutol,4
akademya,4
linggo,4
suliranin,4
kasamaan,4
bala,4
kinuha,4
sybila,4
nakasulat,4
papel,4
pangahas,4
nawawala,4
hiyas,4
uri,4
ikinatuwa,4
pakialam,4
leeg,4
bibig,4
palad,4
iyan,4
munting,4
alipin,4
maaaring,4
kabaitan,4
karunungan,4
umanong,4
kasalukuyang,4
sumulat,4
katwiran,4
sang-ayon,4
patayin,4
tumugon,4
nagsimula,4
tumigil,4
minsang,4
leksyon,4
dominiko,4
lagi,4
kasuotan,4
pauwi,4
gutom,4
balitang,4
ikinuwento,4
nakarating,4
alperes,4
kaligayahan,4
pagkakataong,4
nahuli,4
pinaniniwalaan,4
imahen,4
kasabay,4
nobyo,4
halagang,4
abogado,4
sumunod,4
buwis,4
namutla,4
guevarra,4
bato,4
inyong,4
arsobispo,4
tirahan,4
una,4
makikita,4
malawak,4
serbesa,4
espadana,4
tiburcio,4
lumayo,4
maya-maya,4
huling,4
gamit,4
ganitong,4
nagbigay,4
tingin,4
ibabaw,4
pag-gong,3
alon,3
lumubog-lumitaw,3
pagong,3
kami,3
dalampasigan,3
iyong,3
gagapang,3
pagtatanggol,3
gumagapang,3
rawis,3
camarines,3
iyo,3
kasalan,3
itinakda,3
ikaw,3
daraga,3
tugon,3
akong,3
kasamaang-palad,3
manliligaw,3
ibon,3
bungang,3
magamit,3
sinumang,3
pagbibilog,3
malimit,3
gaanong,3
palibhasay,3
maitim,3
kinapal,3
kulay,3
sinasabi,3
tinig,3
papalayo,3
pagpapalitan,3
kaligtasan,3
kalabaw,3
tapang,3
ninakaw,3
nangungulila,3
makain,3
onsa,3
lumakad,3
paputok,3
naramdaman,3
sementeryo,3
mahigpit,3
kalagitnaan,3
hardin,3
abala,3
alaala,3
malayong,3
masilayan,3
nakaraang,3
bunga,3
pagbili,3
isipan,3
dilag,3
nag-iisang,3
tuluyang,3
lupain,3
tumama,3
palaboy,3
minabuti,3
pinakamayaman,3
nagkita,3
ala-ala,3
maliwanag,3
tinatamasa,3
antas,3
dulo,3
kabisera,3
maupo,3
namalayan,3
komedya,3
nadarama,3
natutunan,3
pananaw,3
erehe,3
indio,3
papuri,3
humanap,3
gwardya,3
nakatakdang,3
hininga,3
katahimikan,3
tinulungan,3
pagtulong,3
datiy,3
ngiti,3
kadahilanang,3
talampas,3
pitong,3
kagagawan,3
naghanda,3
itinapon,3
crisostomo,3
kainan,3
asotea,3
mesa,3
mag-asawa,3
handog,3
kasayahan,3
mamamatay,3
tiyak,3
sasabog,3
kapistahan,3
paano,3
payat,3
bilangguan,3
nakapasa,3
bansang,3
pagbabago,3
pahayagan,3
nabalita,3
tagapagtanggol,3
pangamba,3
kulungan,3
inggit,3
kalaban,3
humanga,3
sinunog,3
pisngi,3
manok,3
halaga,3
bailon,3
pascual,3
pag-aakalang,3
lumang,3
hinabol,3
inakala,3
lansangan,3
gulo,3
nabuo,3
nakausap,3
madali,3
tama,3
kawalang,3
manggagawa,3
asal,3
kawalan,3
orden,3
sinikap,3
labis,3
nagkatinginan,3
kaibigang,3
karangalan,3
nasaan,3
kinalaman,3
kapisanan,3
malamang,3
nagising,3
nakakita,3
inihandog,3
matatalim,3
pinuri,3
ngumiti,3
sugatang,3
malubha,3
nagbilin,3
ospital,3
daang,3
beses,3
sige,3
masaya,3
kagalang-galang,3
palko,3
nag-iisa,3
katauhan,3
totoo,3
wari,3
bawal,3
kagaya,3
nakasuot,3
kiko,3
tiyo,3
nilapitan,3
tawag,3
regalo,3
nag-usap,3
tenyente,3
kina,3
magkasama,3
magpunta,3
kumain,3
matigas,3
mali,3
kapitbahay,3
sto,3
inang,3
tinutuluyan,3
hongkong,3
titig,3
tumakas,3
nabubuhay,3
pahintulot,3
ginagamit,3
sinalubong,3
peryahan,3
nagsasalita,3
nag-uusap,3
napilitan,3
papayag,3
militar,3
tanyag,3
mabuting,3
grupo,3
pagpapahalaga,3
nag-aalinlangan,3
inimbitahan,3
pawang,3
malaki,3
tumugtog,3
aklat,3
inihagis,3
sastre,3
juan,3
gamitin,3
bintana,3
pisika,3
bulwagan,3
nasabing,3
mahigit,3
himala,3
mayroon,3
nginitian,3
katipan,3
dalagang,3
aralin,3
dominikano,3
bantog,3
pinakiusapan,3
tomas,3
sumang-ayon,3
nabibili,3
payo,3
pinag-usapan,3
siyudad,3
nakarinig,3
iniisip,3
limang,3
natatakot,3
dugo,3
natuwa,3
naroroon,3
sinang,3
tiyani,3
namay,3
kakulangan,3
lolo,3
labi,3
ninong,3
inayos,3
alamin,3
birhen,3
tinungo,3
nagpasalamat,3
escolta,3
sabihing,3
ituturing,3
hangad,3
likas,3
nagtaka,3
gawin,3
binalak,3
panginoon,3
karapatan,3
gawing,3
pareho,3
lumipas,3
dako,3
marunong,3
baston,3
leksiyon,3
ninais,3
sobrang,3
ring,3
nakararaan,3
labing-tatlong,3
binati,3
tahimik,3
kalesa,3
bernardo,3
balat,3
kayumanggi,3
nabuhay,3
guwardiya,3
kutserong,3
pangyayaring,3
pasko,3
perang,3
ipinagbawal,3
pagbabantay,3
pamamagitan,3
maayos,3
umunlad,3
lucia,3
itinuro,3
espiritu,3
itaas,3
ding,3
tinatawag,3
sandaling,3
sinagot,3
karagatan,3
sakaling,3
nagiging,3
alak,3
tinanggihan,3
lalawigan,3
nagtatago,3
pamangkin,3
pinag-aralan,3
nadaanan,3
mahusay,3
nag-aaral,3
naturang,3
itik,3
baha,2
burol,2
paglikas,2
laot,2
alamid,2
tadhana,2
minahal,2
mandin,2
talukab,2
paru-paro,2
tangang,2
poy,2
mawilihin,2
langhap,2
ulila,2
halamanan,2
masdan,2
nakikita,2
luntian,2
asul,2
punongkahoy,2
bumangon,2
mag-ina,2
simula,2
malilikot,2
hambog,2
nag-isip,2
ipagtanggol,2
palay,2
dahong,2
sawa,2
kobra,2
makalakad,2
lumaki,2
yumakap,2
dasal,2
pamamanhikan,2
ganid,2
madaling,2
kinatatakutan,2
kaniya,2
inihahandog,2
kisapmata,2
damuhang,2
makipagkilala,2
pinakamamahal,2
naglulunoy,2
kabikulan,2
sur,2
bulkang,2
napakaganda,2
dalaway,2
maringal,2
pagbabala,2
pinuntahan,2
pag-iisang,2
kitay,2
kagyat,2
kariktan,2
binatay,2
kaakit-akit,2
nag-aapoy,2
kasakiman,2
hugis,2
mangingibig,2
sabay,2
mamamayan,2
hukay,2
sabay-sabay,2
sunduin,2
maikling,2
mong,2
mandirigma,2
prinsesa,2
kagubatan,2
paraluman,2
masugatan,2
mabunying,2
naroong,2
pinagmulan,2
engkanto,2
binawi,2
malabis,2
bai,2
pag-iibigan,2
kong,2
nagyuko,2
bukod,2
namamalit,2
nagkataon,2
paninda,2
yari,2
balahibo,2
sari-saring,2
mapapansin,2
naakit,2
matay,2
bang,2
malalapad,2
minsay,2
sutlang,2
araw-araw,2
lipos,2
piling,2
maligayang,2
nagpapalipas,2
taga-lupa,2
anupat,2
galak,2
amat,2
bugtong,2
lakambini,2
mutya,2
bakuran,2
kwartel,2
takbo,2
sinamantala,2
programa,2
pagpupulong,2
iangkop,2
pagkakasakit,2
ingay,2
nilalaman,2
pangangailangan,2
ginawang,2
dala-dalahan,2
indulgencia,2
matamlay,2
pag-aari,2
duguang,2
pinalo,2
pagod,2
pambubugbog,2
ipagtapat,2
nahulog,2
malalakas,2
inubos,2
asawang,2
inihain,2
sinasamba,2
mag-iina,2
iresponsable,2
pagdurusa,2
ganda,2
nawalan,2
natulala,2
daing,2
kinaladkad,2
ibinabalik,2
kampana,2
maling,2
nagnakaw,2
nag-aalala,2
palo,2
magbayad,2
tulungan,2
pagsasakristan,2
pagnanakaw,2
kulog,2
relihiyon,2
nakipaglibing,2
paghihinagpis,2
mapanganib,2
batingaw,2
pagpapatugtog,2
libro,2
pagkalipas,2
matalinghaga,2
matalino,2
mayamang,2
nauunawaan,2
lakad,2
posisyon,2
pamumuno,2
agawan,2
supling,2
naiwang,2
pinamumunuan,2
tuktok,2
kapansin-pansin,2
kabukiran,2
natuto,2
itinulos,2
umakyat,2
kagamitan,2
naikumpara,2
napadako,2
pumangit,2
imbes,2
dati,2
paligid,2
tanawin,2
pangungulila,2
bandang,2
papuntang,2
isat-isa,2
nararamdaman,2
mapakali,2
pagkikita,2
ngayong,2
masasakitin,2
humpay,2
mag-asawang,2
pagnenegosyo,2
mag-anak,2
antonio,2
paggalang,2
turing,2
gobernadorcillo,2
pangangalakal,2
nakatulog,2
tanaw,2
masaklap,2
pakiusap,2
paniniwala,2
pagbabasa,2
tumakbo,2
kolektor,2
ikinagalit,2
diyan,2
nagmamahal,2
naglalakad,2
pinagbago,2
plasa,2
karaniwan,2
pulitika,2
namasdan,2
pagpunta,2
espesyal,2
lingid,2
tinola,2
pakpak,2
masasarap,2
pamilya,2
kabaligtaran,2
kilos,2
hapag-kainan,2
nagpakilala,2
nag-aral,2
nasirang,2
dalawampung,2
nilalang,2
hamak,2
tabako,2
kuro-kuro,2
saloobin,2
ilabas,2
pangunguna,2
kinatawan,2
nagpahuli,2
matulungin,2
kalye,2
handaan,2
marangyang,2
kalaliman,2
kayoy,2
ugat,2
malinis,2
kailangang,2
pagpapakasakit,2
handang,2
alang-alang,2
kabataang,2
naghari,2
patalim,2
tuklasin,2
ganoon,2
matatapat,2
napakaraming,2
tinanggap,2
hiniling,2
saglit,2
sunud-sunuran,2
nangangalakal,2
kamatayan,2
iglap,2
nagdasal,2
tinangka,2
tinitiis,2
mamalagi,2
dr,2
matanggap,2
tinutukoy,2
daliri,2
tingnan,2
nakatayo,2
lumusob,2
mautang,2
natumba,2
sampu,2
init,2
magsasaka,2
nakatingin,2
momoy,2
tumingin,2
imbestigasyon,2
magtago,2
artilyero,2
pinaamin,2
gulok,2
dalang,2
sugat,2
maliit,2
nilusob,2
pransiskano,2
katalinuhan,2
nagkasala,2
udyok,2
bayani,2
panibagong,2
sayawan,2
patakbong,2
tumalon,2
anino,2
utusang,2
kubyertos,2
binitawan,2
nakakibo,2
kahulugan,2
nasaksihan,2
klaseng,2
wag,2
nagpasya,2
ipinaliwanag,2
iligtas,2
kabutihang,2
namayani,2
pagpanhik,2
mabibili,2
nagalit,2
pader,2
pumintas,2
makaalis,2
maliliit,2
ikinasal,2
hapag,2
nandoon,2
gaganapin,2
naranasan,2
naawa,2
babala,2
papatayin,2
sumaklolo,2
namumuno,2
itinago,2
granada,2
maghahanda,2
ikakasal,2
nabalitang,2
nakuha,2
negosyo,2
gumamit,2
pinagbintangan,2
napahamak,2
kabutihan,2
paghahanap,2
bigo,2
patakbo,2
bali,2
mang,2
nakalaya,2
makalaya,2
katunggali,2
yumaong,2
sumakit,2
mabilang,2
talagang,2
martin,2
sinalungat,2
mananalo,2
pedro,2
sisingilin,2
bulsa,2
mahihirap,2
hinirang,2
nakitang,2
kasing,2
tanungin,2
bingi,2
silong,2
nabigla,2
nagdaang,2
kinagabihan,2
bumagsak,2
nanunuluyan,2
pilibusterilyo,2
nagmungkahi,2
naligtas,2
magpahayag,2
kinahapunan,2
binalot,2
el,2
amin,2
makatulong,2
humihingi,2
linangin,2
hanapin,2
pumipilit,2
masamang,2
pagtatago,2
sinusunod,2
kagipitan,2
hangal,2
gayoy,2
ginamit,2
putik,2
marumi,2
lumikha,2
pagtanggi,2
talino,2
matuto,2
mismo,2
nagsasabi,2
katedratiko,2
anuman,2
paratang,2
ibinubunga,2
pilibustero,2
harapan,2
naturuan,2
pagsasalita,2
iginagalang,2
tumalikod,2
panganib,2
mahalaga,2
papalapit,2
baliw,2
tuwang-tuwa,2
nasalubong,2
nakasalubong,2
nasambit,2
kamusmusan,2
ialay,2
kahabag-habag,2
isama,2
inukol,2
panukala,2
sopas,2
mongha,2
nawawalang,2
pansin,2
nobya,2
nabatid,2
tangi,2
hinaharap,2
napag-alaman,2
luneta,2
sigaw,2
mabatid,2
lungsod,2
kakampi,2
lason,2
lagay,2
opyo,2
hitsura,2
kababaihan,2
pagnanais,2
pinapanood,2
ginang,2
ipinagmamalaki,2
kakilala,2
mayroong,2
serpolette,2
kuba,2
pagsalin,2
sasabihin,2
hapong,2
pagnanasa,2
pangalawa,2
umupo,2
ginoo,2
kurtina,2
pulang,2
naiinip,2
nagsisimula,2
lampas,2
punong-puno,2
kanina,2
sobra,2
bumati,2
kababayang,2
labas,2
binabalak,2
kagawad,2
artista,2
hukbo,2
pisong,2
ipinakita,2
pulubi,2
tanghalan,2
tiket,2
teatro,2
pasya,2
ipinanganak,2
amo,2
nagyabang,2
y,2
nakikinig,2
gayundin,2
iayos,2
prokurador,2
andang,2
kadete,2
suntok,2
basar,2
agustino,2
mapadaan,2
nagdaan,2
ihayag,2
kaagaw,2
umibig,2
namamahala,2
pangalawang,2
kapirasong,2
abo,2
natagpuang,2
pandaraya,2
magsimula,2
itim,2
puti,2
estatwang,2
labindalawang,2
quiapo,2
perya,2
ulong,2
paggawa,2
inalok,2
kilalang,2
dumalo,2
naghandog,2
hayaan,2
makialam,2
nagpasiya,2
nabigo,2
bisa,2
kunwariy,2
sumangguni,2
mananayaw,2
lapitan,2
panig,2
lipon,2
pagpanig,2
nagtatanggol,2
pakay,2
pangunahing,2
kilusan,2
nakatira,2
puro,2
tapos,2
nagsermon,2
natigilan,2
hawak,2
nagpaliwanag,2
naglagay,2
ukol,2
katapat,2
millon,2
dominikong,2
malayo,2
kasangkapan,2
dingding,2
palamuti,2
magkabilang,2
bakal,2
mahaba,2
nagkamali,2
mapuna,2
sapatos,2
kasulatang,2
abuloy,2
niyaya,2
tanga,2
balikat,2
batangas,2
palaisipan,2
bumulong,2
indiyo,2
sabungan,2
nasunod,2
iisang,2
ipagbawal,2
salon,2
kinamusta,2
ganun,2
kakaibang,2
pagbibigay,2
pinalitan,2
naiinis,2
banos,2
los,2
pangangaso,2
musiko,2
isinulat,2
putol,2
gumagawa,2
pinatay,2
wakas,2
kinailangan,2
paumanhin,2
kuwintas,2
isangguni,2
ipagbili,2
kasaysayan,2
ayos,2
binuksan,2
brilyante,2
mamimili,2
nagdatingan,2
pagitan,2
parusa,2
napipi,2
ingkong,2
pinisil,2
kaniyang,2
laking,2
kamag-anak,2
mamasko,2
pagtungo,2
dadalhin,2
kasamaang,2
limampung,2
tanggapan,2
kaunting,2
mababait,2
dinanas,2
mabubuhay,2
mapapala,2
tinuya,2
nauwi,2
makapaglingkod,2
gamutin,2
panggagamot,2
napalagda,2
paglaya,2
katutubong,2
maigi,2
naghahangad,2
paaalipin,2
iilang,2
nakapagsasalita,2
paghingi,2
pagtatayo,2
paghihimagsik,2
damdamin,2
pamahalaang,2
pagbabalik,2
magpayaman,2
nilibot,2
inamin,2
planong,2
nalalaman,2
kinilala,2
nakikilala,2
paghuhukay,2
baliti,2
yabag,2
paparating,2
uuwi,2
pakakasal,2
hilig,2
pinili,2
sable,2
inaasahang,2
gurong,2
letran,2
kapalit,2
dumaan,2
sakto,2
karwaheng,2
lumuwas,2
paglilibing,2
inutusan,2
inalala,2
sumapit,2
nadakip,2
masyadong,2
bumaba,2
nadaan,2
hari,2
mateo,2
carpio,2
kutsero,2
haring,2
kasunod,2
nalimutan,2
buena,2
masalimuot,2
nakapag-aral,2
alila,2
pagmamay-ari,2
kaso,2
dinakip,2
nagdala,2
tuluyan,2
gobyerno,2
kinaya,2
tinaasan,2
kolehiyo,2
pag-aralin,2
kaunti,2
makaipon,2
tiyaga,2
tano,2
baranggay,2
kibo,2
mangyari,2
nakalilipas,2
banda,2
buwaya,2
nicolas,2
isinalaysay,2
mabago,2
manirahan,2
nainggit,2
itinira,2
pangako,2
hinihiling,2
sinundan,2
magkasintahan,2
katutubo,2
banal,2
sayang,2
pinag-uusapan,2
nagtatawanan,2
inanyayahang,2
pamaya-maya,2
moreno,2
makina,2
binigkas,2
kailan,2
itanong,2
pinainit,2
sanhi,2
mawawala,2
pag-inom,2
namimili,2
ipinakilala,2
kinausap,2
amain,2
paaralang,2
napunta,2
tagapayo,2
pinauwi,2
ateneo,2
katatapos,2
manggamot,2
nagustuhan,2
makuhang,2
suso,2
kumbinsihin,2
opisyal,2
look,2
laguna,2
umaga,2
ulirang,1
pagkilala,1
nating,1
tatawagin,1
pandita,1
mistulang,1
kataka-taka,1
ging,1
makapansin,1
nalutas,1
tinangay,1
limikas,1
nagbalik,1
humupa,1
atin,1
makaliligtas,1
salamat,1
dambuhalang,1
rumaragasang,1
sakmalin,1
libu-libong,1
nagbabayad,1
hatid-patalastas,1
nakagigimbal,1
tambuli,1
ipinagsalin-salin,1
sinagap,1
umalingawngaw,1
lakbay-tunog,1
napipintong,1
mapatalastasan,1
pandalas,1
hataw-tunog,1
sunod-sunod,1
nalalabi,1
dakong,1
palasong,1
ibininit,1
sagsag-takbo,1
buhangin,1
uilandang,1
umalikabok,1
naglalakihang,1
nakasisindak,1
gumugulong,1
nagsusumagsag,1
bundulin,1
bumaligtad,1
kamuntik,1
pagkiwal,1
ilakas,1
ha-ha-ha,1
lumindol,1
yumanig,1
kapaligiran,1
umugong,1
atas,1
kumalabusaw,1
usal,1
patawarin,1
nag-aanyaya,1
kumakaway,1
hangin,1
bumubulong,1
humahalakhak,1
pananahimik,1
sawi,1
mapait,1
isangpasiyang,1
kasalukuyan,1
madama,1
napabuntung-hininga,1
luha,1
patak,1
papanglabuin,1
gunita,1
isa-isang,1
nakalipas,1
malapad,1
baybay-dagat,1
babagsak,1
nagkadungis,1
dangal,1
matitiis,1
mababata,1
nagtaksil,1
babaing,1
kalungkutan,1
nagmumukmok,1
matampuhin,1
ipinagbubunyi,1
nagdiriwang,1
kumandili,1
nagmistula,1
dupil,1
namayapa,1
magkakagayon,1
pinaglingkuran,1
tagal,1
inutil,1
ingatan,1
saysay,1
lipas,1
pinakikinabangan,1
kilabot,1
laos,1
kaningningan,1
rurok,1
landasin,1
patakip-silim,1
papalubog,1
linamnam,1
itlog,1
atay,1
naglalarong,1
malilimutin,1
pinakatalukab,1
bao,1
lumabas-pumasok,1
sapad,1
buntot,1
plato,1
biglang-tingin,1
nababalutan,1
katihan,1
dalatan,1
reptilyang,1
halamanang,1
kulay-kahel,1
nagpadapu-dapo,1
nagkapakpak,1
dinantayan,1
magpasasa,1
kayong,1
mahahagkan,1
hardinero,1
yayamang,1
bagwis,1
nasilaw,1
matang,1
nakatakip,1
ibinaba,1
patakang,1
bituin,1
nakakabit,1
kapagkaraka,1
namangha,1
maysa-engkanto,1
pakikinabangan,1
pinangiwi-ngiwi,1
pinakisay,1
pinagulong-gulong,1
magsilbi,1
namin,1
inaamin,1
naming,1
naglakas-loob,1
mgabunga,1
kinain,1
pinupol,1
bungad,1
nangahas,1
kapipisngot,1
naamoy,1
hihingkod-hingkod,1
diwatang,1
nakalimot,1
naligayahan,1
loobang,1
lisanin,1
trabaho,1
palibot-libot,1
maghahanap,1
lubos,1
tayong,1
lunang,1
nagkuwento,1
mamang,1
oo,1
matamis,1
pinatakan,1
namupol,1
umiino,1
malaunan,1
lumagay,1
hintakot,1
tarangkahan,1
tumitira,1
alok,1
dugtong,1
sanga,1
nangagbitin,1
ginintuan,1
pinilakan,1
nakatatakam,1
halimuyak,1
naaamoy,1
halaman,1
naglibot,1
panakip,1
magpatighaw,1
lagaslas,1
lipad,1
pagtitig,1
naibubulalas,1
maligaya,1
kahirapan,1
pumapasok,1
maralita,1
lumisan,1
lalakit,1
silahis,1
tamaan,1
nakasisilaw,1
bukambibig,1
dooy,1
dumaraan,1
namumulaklak,1
halamang,1
natatamnan,1
looban,1
bahaghari,1
pahingkud-hingkud,1
pilay,1
basahan,1
pulupot,1
saplot,1
singningas,1
kulubot,1
mapula,1
napakapangit,1
pangit,1
matuklaw,1
nilayuan,1
magmula,1
nagpulasan,1
manunuklaw,1
umakma,1
damuhan,1
sinusundan,1
magsisi,1
paat,1
pumapayat,1
humahaba,1
maitayo,1
nalugmok,1
lumayas,1
tinawanan,1
katatakutan,1
kabagsikan,1
mananatili,1
makakatayo,1
kailanman,1
lapastangan,1
nagwika,1
nakapagtimpi,1
inasal,1
kawalanghiyaang,1
sipa,1
bulyaw,1
magluto,1
maglulutoano,1
lumuluhang,1
makakain,1
maghanda,1
ipagluto,1
riyan,1
arte,1
ipinaghanda,1
pabulyaw,1
inabutang,1
nagwawala,1
sinaktang,1
pakikipagaway,1
mapigil,1
nagtulung-tulong,1
sumigaw,1
nakaaway,1
naghahanap,1
humahangos,1
gulantangin,1
natutulog,1
basagulero,1
pagtulog,1
tiyesong-tiyeso,1
takaw,1
katuwiran,1
patutunguhan,1
tumahimik,1
ibinibigay,1
isusumbat,1
ayan,1
pagpapalaki,1
lupang,1
kaba,1
pabigat,1
kawalanghiyaan,1
pangangatawan,1
biyudang,1
naninirahang,1
biktima,1
umatake,1
tamang,1
nag-aantay,1
mailap,1
pagkakaputol,1
dinulot,1
hiyang,1
kakayanan,1
magagamit,1
pinagsabihan,1
pinaunawa,1
inipit,1
itinali,1
napatulog,1
mag-isip,1
tuturuan,1
napa-iling,1
maiwasan,1
katatakbo,1
hinihingal,1
napagod,1
matsing,1
binti,1
sipa-sipain,1
elepante,1
iika-ika,1
pilipitin,1
leon,1
nagkagulo,1
gilas,1
nagpatagisang,1
pinakamagaling,1
nagpustahan,1
nagkatuwaan,1
maski,1
pinagyayabang,1
kinakailangan,1
paghahambog,1
natutunang,1
ipinagbilin,1
kakayahang,1
pagaaral,1
kinakawawa,1
palagi,1
magkakaibigang,1
nagngangalit,1
taga-bicol,1
katuparan,1
nabigyan,1
pagluha,1
gilid,1
dumadaloy,1
marahang,1
hinahagkan,1
maninipis,1
humahaplos,1
inialay,1
kinatagalan,1
taun-taon,1
tumataas,1
kapansing-pansing,1
pinaglibingan,1
pinagtagpuan,1
magsing-irog,1
pinagsama,1
pahalaga,1
pag-alinsunod,1
pagdadalamhati,1
inalalayan,1
paampon,1
nagsiluhod,1
kapayapaan,1
digmaan,1
nagapi,1
buhong,1
tinagpas,1
katampalasanan,1
lasong,1
tumagos,1
sinugod,1
nakapagpaalam,1
napakabilis,1
diyosa,1
sumapo,1
ligaw,1
nagdidigmaan,1
napagitna,1
taga,1
lumakas,1
ipinakikipaglaban,1
tunggalian,1
paghaharap,1
makarating,1
naghahanda,1
kumagat,1
ipapapatay,1
tuso,1
nagpakatanggi-tanggi,1
binuhay,1
benggansa,1
papauwi,1
isauli,1
makasal,1
hingin,1
pormal,1
papupuntahin,1
ipinagpaalam,1
paghamon,1
masidhi,1
pagpapatunay,1
matulis,1
pinagsadya,1
patunayan,1
nagkaibigan,1
magarbong,1
nagkikinangang,1
balong,1
pagpapakumbaba,1
tayabas,1
sikat,1
naipagtapat,1
kuwentuhan,1
masukol,1
yabang,1
ordinaryong,1
nagkikita,1
pasasalamat,1
paanan,1
nagkikisay,1
natagpas,1
diyosang,1
nilalakaran,1
umuusad,1
paakyat,1
nagpapahinga,1
mapalapit,1
kabinataan,1
pakikilunoy,1
mapansin,1
nakiligo,1
bukal,1
nakipaligo,1
gustung-gusto,1
kristal,1
nagsisiahon,1
pinagsasadya,1
magkakaibigan,1
buwan-buwang,1
inibig,1
pinakamaganda,1
malinaw,1
kadalagahan,1
halakhakan,1
ginising,1
napadpad,1
manunudla,1
abenturerong,1
quezon,1
kahali-halinang,1
napakalayong,1
pinagtiyap,1
nababalitang,1
sorsogon,1
catanduanes,1
norte,1
dumadayo,1
nangangahulugang,1
bansag,1
hinahangaan,1
pero,1
taga-albay,1
pinakamagagandang,1
perpekto,1
ilagak,1
ipinag-utos,1
palasyo,1
nagluksa,1
magsing-ibig,1
nalagutan,1
sinibat,1
pataksil,1
niyakap,1
sawayin,1
pumagitna,1
ihahagis,1
mapaglalang,1
malansi,1
espada,1
subok,1
magugunita,1
sukatan,1
angkinin,1
naparito,1
kabilugan,1
duruwangawan,1
dalagay,1
gabi-gabi,1
nagbabalik,1
tag-ani,1
nagtumulin,1
magkakamit,1
makamtan,1
napabalitang,1
nabigong,1
babalik,1
kakaunin,1
itinakdang,1
ipabatid,1
anihan,1
nakakahalina,1
prinsipe,1
hihingin,1
mag-alala,1
alinlangang,1
tayoy,1
iniibig,1
mungkahi,1
makasaysayang,1
tipanan,1
kaliwang,1
idinampi,1
dumapo,1
ihinagis,1
bantulot,1
masisiyahan,1
kahariang,1
sadyain,1
prinsipeng,1
nabuhayan,1
nagkatitigan,1
matawag,1
awit,1
masayang,1
himig,1
nagparinig,1
nagtampisaw,1
binibiniy,1
kinamaya-mayay,1
namumupol,1
sagabal,1
makaniig,1
kanuen,1
mahalagang,1
kanugnog,1
nanligaw,1
nag-alay,1
datu,1
kahulugay,1
makapangyarihang,1
pag-alaala,1
kinatatayuan,1
pumapayapa,1
naaalala,1
pumuputok,1
iniregalo,1
bawiin,1
gustong,1
budhi,1
usok,1
natila,1
ipinaglibingan,1
nagisnan,1
tunog,1
lindol,1
inilibing,1
saksak,1
nahagip,1
sinasadya,1
tinamaan,1
kasala,1
naisakatuparan,1
nalingid,1
napilitang,1
pakakawalan,1
binihag,1
tinipon,1
sagkaan,1
nagkasundo,1
nagkaigihan,1
kuwento,1
nakangiting,1
nangangarap,1
habang-buhay,1
makasama,1
iwi,1
ikagagalit,1
dupilas,1
mag-isa,1
naligong,1
pagsisikap,1
nagbunga,1
maligo,1
nagmasid,1
bikol,1
patungong,1
naglakbay,1
mapatunayan,1
tindig,1
malalayong,1
kilalang-kilala,1
kaisa-isang,1
bikolano,1
magsilayo,1
gumagambalang,1
mangangasong,1
panakot,1
manugis,1
mababangis,1
pinawalang,1
hinahagkis,1
tipak,1
pinagugulong,1
pinabubuho,1
pinagdidilim,1
sinusuway,1
pamamana,1
manok-labuyo,1
paninilo,1
pagmamalupit,1
makapanguha,1
malayang,1
iginawad,1
nag-iba,1
nawika,1
nayamot,1
taga-ibang,1
ipinagpapalit,1
inaaangkin,1
samay,1
tikis,1
ipinahiram,1
kasangkapang,1
mag-imbot,1
nakaisip,1
di-marunong,1
tinatangkilik,1
di-mabuti,1
magbunga,1
pagpapahiram,1
kandili,1
mapagpalang,1
tinutugon,1
kahilingan,1
pinahihiram,1
hinahandugan,1
kasuutan,1
magarang,1
ibinubudbud,1
minana,1
kamahabagin,1
nasasakupan,1
pagkamasintahin,1
nalilimot,1
nag-uwi,1
narin,1
yumao,1
irog,1
maykapal,1
bathalang,1
naputulan,1
kamandag,1
napagwawagihan,1
napasusukot,1
tabak,1
napagtagumpayang,1
napasukong,1
kalasag,1
baluti,1
adhikaing,1
tinangkilik,1
kayay,1
mapipilan,1
maano,1
matapang,1
nakikipaghamok,1
bunto,1
lusubin,1
kataka-takang,1
kapwa-bayan,1
pakikipagdigma,1
dalawin,1
nakaliligtaang,1
pagtagpuan,1
tabing-batis,1
niyapakan,1
nayong,1
kasingwagas,1
bintay,1
nanggaling,1
ngutnit,1
matimyas,1
lubhang,1
naglalaho,1
yakapin,1
pamalas,1
nagkukulang,1
dulay,1
makihalubilo,1
kapangyarihang,1
nakapapanaog,1
kasindakila,1
pagkakahiwalay,1
nagmamalasakit,1
pagtungu-tungo,1
nakapanaog,1
sapul,1
pinagbawalan,1
madalit,1
nakatiis,1
kadluan,1
kasuyong,1
matantong,1
nilasap,1
mayanig,1
nalihim,1
nilakadlakad,1
pagsusuyuan,1
magkalayong,1
nagkayakap,1
binibigkas,1
maibuka,1
magtamang,1
tinitimpi,1
pusoy,1
nahiwatigan,1
umaaliw-iw,1
nakaraan,1
magkakilala,1
isinagot,1
kasintamis,1
nagbigay-galang,1
banayad,1
malulunasan,1
tiniis,1
ibulong,1
pihikang,1
bumihag,1
luwalhating,1
talipapaang,1
mamasdan,1
napalarang,1
suha,1
pamumulaklak,1
panahonng,1
maalindog,1
napagmalas,1
patawad,1
mapakumbabang,1
naitugon,1
mahiyaing,1
nagkalayoy,1
tanda,1
makisig,1
kayumian,1
malasutlang,1
nahawakan,1
sinasadyay,1
pagtataka,1
nagkatama,1
nagkabunggo,1
pagkakasabay,1
binibiling,1
padampot,1
nagkasabay,1
dulang,1
lipingmahal,1
doong,1
tubo,1
pamamalitang,1
dayuhin,1
kasingkapal,1
nawiwili,1
tatanghaliin,1
hila,1
sasakay,1
kangga,1
agwat,1
kalayuan,1
bangka,1
taga-bai,1
dugong-mahal,1
kasamay,1
lingkod,1
lako,1
nagbibili,1
ipinamamalit,1
makipamalit,1
lumuluwas,1
anu-ano,1
patak-patak,1
habi,1
salit-salit,1
pandang,1
bulit,1
banig,1
pinatuyong,1
nagtutungo,1
palakad,1
palitan,1
bili,1
ibinibili,1
ating,1
kuwartang,1
pinamamalit,1
kulay-ginto,1
buslo,1
lumalayo,1
pamimili,1
ita,1
nagyuyuko,1
kanyay,1
maginoo,1
babaey,1
aamo,1
sakdal,1
mukhay,1
hawas,1
nahihiya,1
mahinhing,1
galang,1
mangusap,1
magiliw,1
ilang-ilang,1
mabangong,1
nakayakap,1
bulaklak-suha,1
pahiyas,1
sakong,1
abot,1
ilugay,1
malagong,1
kinaugalian,1
burdang,1
kaparis,1
mamili,1
makihati,1
alindog,1
nimpang,1
nalamang,1
susulpot,1
kaginsa-ginsay,1
binabantayang,1
plauta,1
subing,1
humihihip,1
pastol,1
nagmamaramot,1
paghiling,1
taimtim,1
nilikhang,1
patulong,1
punungkahoy,1
lilim,1
magkatabi,1
makipag-usap,1
nakiki-ulayaw,1
siglat,1
nawawalan,1
bango,1
katandaan,1
impok,1
kayamanang,1
pangungusap,1
aliw,1
siyayy,1
tanging-tanging,1
pakahulugan,1
engkantado,1
para-parang,1
kaisang-isang,1
pinagpa-planuhan,1
piknik,1
pagdakay,1
mamahinga,1
nababahala,1
mag-piknik,1
kaharap,1
napapansin,1
kinagigiliwan,1
kalsada,1
nagpalaboy-laboy,1
nasilayan,1
katinuan,1
pighati,1
nilamon,1
punit,1
pakawalan,1
tanghali,1
pagmamakaawa,1
sulok,1
naghihinagpis,1
nagsumiksik,1
panghinaan,1
umiyak,1
magawa,1
eksenang,1
napatigil,1
lumalabas,1
taong-bayan,1
hiyang-hiya,1
kinakaladkad,1
nagmakaawa,1
onsang,1
magpang-abot,1
nakapagpagaan,1
bintang,1
pagdampot,1
mawaglit,1
kusinero,1
mapakinggan,1
kumaripas,1
sermon,1
prusisyon,1
nakapagdesisyon,1
panukalang,1
ugaling,1
sentro,1
taga-san,1
gaganap,1
pagdiriwang,1
tipirin,1
palatuntunan,1
magtanghal,1
magpagawa,1
gastos,1
talaan,1
nakalaban,1
basilyo,1
pinagsasabi,1
katuturan,1
makapagtalumpati,1
aktibidad,1
labing-isang,1
gaganaping,1
binubuo,1
liberal,1
konserbador,1
lapian,1
nahahati,1
tribunal,1
nagsisilbing,1
paanyaya,1
babanggitin,1
maiangat,1
matulungan,1
makakaya,1
nangako,1
pinahalagahan,1
nabawasan,1
sinisising,1
balakid,1
pakikialam,1
pagdidisiplina,1
epektibong,1
pagpalo,1
pinapanigan,1
silid-aralan,1
kwadra,1
makaririnig,1
minumura,1
pinapalo,1
pinanghihimasukan,1
ituro,1
kinakaharap,1
inisa-isa,1
kapakanan,1
naitulong,1
ikauunlad,1
naitapon,1
silbi,1
nagmana,1
hulihin,1
magnakaw,1
makakausap,1
tagaluto,1
kusina,1
nagtuloy,1
pako,1
tanim,1
gulay,1
kaabalahan,1
katumbas,1
nagdurusa,1
kaanak,1
magmimisa,1
koordinator,1
makausap,1
nagdaos,1
nasasaktan,1
pagkatuwa,1
nagpapakita,1
bagaman,1
pananahi,1
patitigilin,1
pag-aaralin,1
pauunlarin,1
sakahin,1
hihiling,1
mag-araro,1
edad,1
pagsapit,1
magpapastol,1
huminto,1
yugyog,1
sahig,1
humandusay,1
yantok,1
binangungot,1
tulog,1
alalahanin,1
nakatulugan,1
magkakasama,1
pinagdamdam,1
dumarating,1
linggid,1
ganang,1
parusang,1
bunso,1
nahabag,1
napag-bintangan,1
ipinakausap,1
kuwartel,1
paglinisin,1
ikulong,1
nakahinto,1
nadaplisan,1
duguan,1
kahihintay,1
nainip,1
nagluto,1
pag-aalalang,1
maghinagpis,1
kwarta,1
kamusta,1
nagtira,1
naunang,1
patong,1
hita,1
baboy-damo,1
kamatis,1
tawilis,1
tuyong,1
kasalatan,1
nung,1
moy,1
minamahal,1
umuuwi,1
binubugbog,1
nagpapagala-gala,1
sugal,1
idinulot,1
pinatanda,1
salat,1
dampa,1
abalang-abala,1
lubid,1
kampanaryo,1
nagpatihulog,1
pagtila,1
pagpapalahaw,1
makiusap,1
magawang,1
ika-siyam,1
maglakad,1
ipinapatupad,1
ika-sampu,1
makakauwi,1
mangatwiran,1
magtangka,1
hanggat,1
salang,1
pinagmulta,1
pinag-uusap,1
nagpupuyos,1
sakim,1
pinag-interesan,1
aginaldo,1
kuwalta,1
butas,1
latay,1
ipapakita,1
maniniwala,1
tiwala,1
buo,1
napagbintangang,1
maiiwan,1
maibabalik,1
kalupitan,1
ipagtatanggol,1
kapiling,1
magkasakit,1
nahiling,1
ibinibintang,1
kuya,1
hiningan,1
multa,1
pataw,1
kada,1
sahod,1
mababayaran,1
nakakabata,1
nagbibigay,1
dumadagundong,1
masiglang-masigla,1
palayo,1
gabay,1
nirerespeto,1
nakararami,1
kataong,1
doray,1
marating,1
pinagtawanan,1
kumukulog,1
kwitis,1
tagahuli,1
sanlibutan,1
lilinis,1
delubyo,1
lilipol,1
bagyo,1
reaksyon,1
nagtataka,1
kalangitan,1
pagguhit,1
unos,1
minanang,1
napabayaan,1
inilaan,1
nabyudo,1
nag-asawa,1
sinuway,1
mag-pari,1
makalimutan,1
paniniwalang,1
pinahinto,1
jose,1
anastacio,1
personalidad,1
kakaiba,1
lapastanganin,1
makasalubong,1
poot,1
napaiyak,1
sinunod,1
nailibing,1
kabigatan,1
ikinasindak,1
sampaga,1
adelpa,1
tinaniman,1
sementaryo,1
garrote,1
paglipat,1
paghukay,1
naililibing,1
hinukay,1
iniahon,1
buhos,1
napakalakas,1
tag-araw,1
maalikabok,1
tag-ulan,1
maputik,1
makipot,1
masukal,1
nakatirik,1
krus,1
kawayan,1
nababakuran,1
palayan,1
pagkakasunduan,1
pakunwaring,1
ipinapakita,1
pampublikong,1
hidwaang,1
natural,1
magkolorete,1
consolacion,1
pilipina,1
malupit,1
mapambugbog,1
lasinggero,1
kumpara,1
pumalit,1
tatanungin,1
alkalde,1
kagalitan,1
p,1
pinagsisilbihan,1
sinasalubong,1
nagmamay-ari,1
pinagkakautangan,1
italya,1
roma,1
mabibilang,1
casique,1
kinikilalang,1
pamumunong,1
pagsusumikap,1
kinagiliwan,1
nanirahan,1
taga-maynila,1
sinupin,1
saturnino,1
nagngangalang,1
pagkatakot,1
balete,1
nakabitin,1
kinalaunan,1
ipinambayad,1
bumili,1
malalalim,1
magtagalog,1
matatas,1
kinikilala,1
mayayamang,1
tumatayong,1
mailipat,1
pinagkaiba,1
tsino,1
dayuhang,1
napaglalamangan,1
ikinabubuhay,1
pagsasaka,1
maalamat,1
malalawak,1
baybayin,1
paghawak,1
pagkaubos,1
pagtaas,1
nakipagpalitan,1
pakikipag-alyansa,1
pang-aaway,1
dinalaw,1
ii,1
puerta,1
kandilang,1
nakumbinsi,1
maghangad,1
pakikipag-mabutihan,1
itigil,1
maglihim,1
magmamano,1
akmang,1
bubulong-bulong,1
karawahe,1
kuhanin,1
sumagi,1
nilulumot,1
gusali,1
bagkus,1
pinag-unlad,1
botaniko,1
amoy,1
napakasamang,1
nahilo,1
naalalang,1
arroceros,1
ihatid,1
nagmamadali,1
gabriel,1
talisay,1
paghahanapbuhay,1
nagtitinda,1
kababaihang,1
kargador,1
europeo,1
salimbayan,1
pagbyahe,1
karumatang,1
nakapagpabalik,1
sakay,1
kahabaan,1
binabagtas,1
manlalakbay,1
kandila,1
ipagtulos,1
maluha,1
napigilang,1
magbabakasyon,1
sabihan,1
binilinan,1
undas,1
bukas,1
hangarin,1
maibigay,1
mawalay,1
sinilangan,1
kalidad,1
binasa,1
mainitan,1
sumbrero,1
inilagay,1
sambong,1
dahon,1
ibinigay,1
pagbabati,1
tampuhan,1
binalikan,1
sinumpaan,1
masinsinan,1
pagwawalis,1
likha,1
alikabok,1
makaiwas,1
makapag-sarili,1
isat,1
magtama,1
ayusin,1
nataranta,1
maikakailang,1
magbakasyon,1
napagpasyahan,1
sinisinta,1
pananabik,1
malibang,1
nanahi,1
nagbuklat,1
naglinis,1
nagkanya-kanya,1
mag-almusal,1
makatapos,1
nakapagsimba,1
nag-iibigan,1
takdang,1
ipakasal,1
nagkasundong,1
anyos,1
katorse,1
catalina,1
ipinasok,1
magkababata,1
lumaking,1
busog,1
inalagaan,1
ipinangalan,1
manganak,1
kalunan,1
nailantad,1
katotohanan,1
hinalay,1
nagdalantao,1
salambao,1
senora,1
nuestra,1
sumayaw,1
obando,1
namanata,1
pamamanata,1
magka-anak,1
pagsasama,1
hosep,1
hesus,1
hesukristo,1
domingo,1
miguel,1
abad,1
asis,1
francisco,1
padua,1
dinadasalan,1
kabanalan,1
maibigan,1
bilhin,1
padasal,1
lalot,1
pag-ukulan,1
mararangal,1
paghamak,1
paglilingkod,1
naninilbihan,1
pagnganganga,1
pananabako,1
sinira,1
bilugan,1
pandak,1
mailalarawan,1
magpalakad,1
napabilang,1
nagpakasal,1
cruz,1
taga-sta,1
itunuloy,1
datapwat,1
gulang,1
kumulang,1
malabon,1
asukal,1
negosyante,1
pagtingin,1
kadaupang,1
masayang-masaya,1
inaayos,1
matiyaga,1
nakatuon,1
diyamante,1
napapalamutian,1
malalapit,1
kababata,1
pinggan,1
kalansingan,1
orkestra,1
tugtog,1
nagliliwanag,1
durunguwan,1
napatingin,1
nagmuni-muni,1
lala,1
fonda,1
nanuluyan,1
kapamilya,1
nakiramay,1
nagkasakit,1
naapektuhan,1
rehas,1
nagdadanas,1
nakakulong,1
paglilitis,1
pagsulputan,1
tumagal,1
kahusayan,1
abugado,1
bait,1
nasisiraan,1
nangawala,1
barong,1
pagsusuot,1
pagkupkop,1
pakikipagkaibigan,1
binitay,1
babasahin,1
ipinagbabawal,1
ultramar,1
correo,1
pagpapayaman,1
ilegal,1
pangangamkam,1
pinaratangan,1
naglabasan,1
ikinulong,1
pangayayaring,1
natuluyang,1
sumuka,1
natulungan,1
sinaktan,1
sabi-sabi,1
inawat,1
pinagsisipa,1
walang-awang,1
tinamaang,1
baton,1
ibinalibag,1
maabutan,1
saktan,1
inakma,1
nagtatawa,1
nakapagpigil,1
pinagkakatuwaan,1
kaalam-alam,1
mangumpisal,1
naiinggit,1
kwentuhan,1
ipinag-unlad,1
pangingibang-bansa,1
nagpalakad-lakad,1
binondo,1
coloniales,1
estudios,1
obserbasyon,1
pag-alipusta,1
kasalo,1
pag-aksaya,1
matutunan,1
paslit,1
ininsulto,1
binatikos,1
kakayanang,1
pinahihintulutan,1
relihiyong,1
napuntahan,1
naikwento,1
ngang,1
hinala,1
nakumpirma,1
pagkaka-alam,1
kaunlarang,1
paglimot,1
nagbahagi,1
nag-alburoto,1
mapunta,1
sinasadyang,1
ihain,1
kumpesor,1
nagtalo,1
pagsalubong,1
ikinainis,1
saya,1
kola,1
natapakan,1
kulot,1
pinagmasdan,1
masusi,1
natamaan,1
makapagdabog,1
pakundangan,1
nasisiyahan,1
panonorin,1
pananghalian,1
maghapunan,1
pakikipag-usap,1
tinapos,1
nagbabanta,1
tiningnan,1
nagpanatag,1
ligtas,1
tinalikuran,1
makipag-kamay,1
tumangging,1
alemanya,1
kaugaliang,1
pakikipag-kamay,1
magsalin,1
kusa,1
kadarating,1
diumanong,1
humalik,1
nagluluksa,1
halatang,1
talakayan,1
lumawak,1
kalaunay,1
pakalmahin,1
namagitang,1
mahahalagang,1
nawalang,1
maalala,1
pangungumpisal,1
pinagbintangang,1
pinahukay,1
nilipat,1
inilahad,1
pagpaparusa,1
pagkakatanggal,1
pinasok,1
maiba,1
mabababang,1
pangungutya,1
pinalagpas,1
monopolyo,1
nagsisilbi,1
parokya,1
pagkakaalis,1
makipag-tagisan,1
kani-kanilang,1
paksa,1
paisano,1
magaslaw,1
binundok,1
magkabiyak,1
magkakahiwalay,1
lalake,1
panauhing,1
taga-istima,1
pinsan,1
nabibilang,1
napuno,1
anluwage,1
kagagaling,1
salubong,1
magsilbing,1
santos,1
delos,1
santiago,1
ganapin,1
takba,1
sisirin,1
inuupuan,1
takbang,1
pinagdasal,1
pinaluhod,1
nanalangin,1
lumuhod,1
lampara,1
hinipo,1
magsisindi,1
kumatok,1
naluha,1
sigla,1
narumihan,1
diwa,1
kalinisan,1
tumanan,1
busilak,1
karapatdapat,1
pagkakasala,1
hugasan,1
magpakamatay,1
ikabubuti,1
kasiglahan,1
naglalaan,1
napabulong,1
nagbuntong,1
pisil,1
nagpapataas,1
paglikha,1
pinabayaan,1
gawang,1
pananalig,1
nagpaparusa,1
makatarungan,1
pagpapasakit,1
kalaking,1
natanong,1
nakararanas,1
napailing,1
lumaganap,1
adhika,1
salarin,1
ililigtas,1
ipagkakait,1
pagkakamaling,1
naitanong,1
inaming,1
pamamaraan,1
igalang,1
pagkukulang,1
tawad,1
inihingi,1
nanahimik,1
inabot,1
pagtatapat,1
nakaaalam,1
hiyaan,1
pinautang,1
kumandante,1
sumali,1
yaman,1
mapayapa,1
piniling,1
napatawad,1
labintatlong,1
tumungo,1
panyo,1
tinakpan,1
nasindak,1
tumalagang,1
silyon,1
inilapit,1
kabanalang,1
ihanap,1
dulot,1
wariy,1
uminom,1
mapangutyang,1
mailigtas,1
pagnanasang,1
pagkakadali,1
ikinalungkot,1
tulungang,1
pakisuyo,1
napakababa,1
palalo,1
darakip,1
ikawalo,1
pakutyang,1
pagtugtog,1
itinigil,1
natamo,1
mag-paalaga,1
magpagamot,1
tumutugis,1
naghinala,1
pag-iingat,1
nagkasugat,1
naghiganti,1
inusisa,1
muerte,1
vivo,1
remitara,1
cojera,1
casa,1
escondido,1
espanyol,1
telegram,1
pinabasa,1
natunton,1
darakpin,1
armonyum,1
makakapatay,1
nakaturo,1
nakahandusay,1
maaninagan,1
barilin,1
iwinawasiwas,1
pagpalitan,1
sinimulan,1
nasyonalidad,1
magkapareho,1
abusuhin,1
pilipinong,1
bihag,1
nilalait,1
pinapatayo,1
binugbog,1
paglakad,1
mabagal,1
panyapak,1
sombrero,1
mayo,1
kainitan,1
tanghaling,1
inilakad,1
gapos,1
kabit-kabit,1
abot-siko,1
pinapaamin,1
nang-aabuso,1
gwardia,1
pinalakad,1
pagsalakay,1
kahinaan,1
maitago,1
pinaghinalaang,1
kaylan,1
nagtapang-tapangan,1
siensa,1
kabahayan,1
magpapasiklab,1
nagkatawan,1
demonyo,1
pinaghahahanap,1
kasalukukang,1
toringgoy,1
hinulaan,1
pinaalis,1
pinagdausan,1
pag-aayos,1
nangasiwa,1
mapagbintangan,1
pagbabalita,1
ipinagpatuloy,1
loleng,1
binalaan,1
iisa,1
bubungan,1
supot,1
tinatanggal,1
hikaw,1
platerong,1
madla,1
pagpipigil,1
makapaniwala,1
habla,1
matagpuan,1
paglalarawan,1
paniwalaan,1
manloob,1
nagpasyang,1
lumoko,1
makalawa,1
umanoy,1
nagsibalikan,1
tagapanguna,1
nilinlang,1
ikatakot,1
mangunguna,1
diumanoy,1
kumikilos,1
pasabi,1
sumalakay,1
matanglawin,1
salaysay,1
nanakaw,1
pasa,1
silyang,1
nagkasira-sira,1
pagtatangol,1
imahinasyon,1
umandar,1
nakatangay,1
bahay-pahingahan,1
pagbanggit,1
sinulat,1
patnugon,1
ibinalik,1
isulat,1
dalamhati,1
pagkahimatay,1
paghuli,1
patatangkang,1
katapangan,1
ilalalim,1
pagsuot,1
pagkakasalaysay,1
istorya,1
pagsusulat,1
iwan,1
nagtiis,1
natulog,1
kumuha,1
nanghingi,1
itinakbo,1
humadlang,1
tinabig,1
mitsa,1
paglabo,1
lasunin,1
nagkunwari,1
pagbibiro,1
ganoong,1
intindihin,1
magpatuloy,1
magpapatawag,1
nanlambot,1
silya,1
sandigan,1
napahilig,1
lagda,1
biro,1
ganito,1
kaputol,1
nagpipiging,1
nagpupuntahan,1
hinila,1
nakatanaw,1
matulin,1
eskolta,1
nag-utos,1
tumuloy,1
magpugay,1
tanod-pinto,1
marusing,1
hinadlangan,1
kapighatiang,1
nalimot,1
magtuloy,1
naliligid,1
kakila-kilabot,1
nagbago,1
malay,1
nagdaratingan,1
dinaramdam,1
kinabukasay,1
pinakamahal,1
kromo,1
palikuran,1
pinagpupugayan,1
katayuan,1
simulang,1
ikapito,1
ubos-kaya,1
pinakamasarap,1
pipito,1
nakalagay,1
diyus-diyusan,1
pagdarausan,1
diyoses,1
napakagara,1
titik,1
nabuburdahan,1
pelus,1
aranya,1
palamuting,1
magagarang,1
anloage,1
ninasang,1
puluhan,1
hinaplos,1
kabiguan,1
pagkabilanggo,1
yakaging,1
idaraos,1
anloague,1
sinalat,1
makituloy,1
maisip,1
ika-walo,1
tagubilin,1
sebastian,1
magkikita,1
ikasampu,1
humawak,1
tatangging,1
magkukuta,1
tulay,1
pag-aagaw,1
arabal,1
agawin,1
magtatagpo,1
pipinsala,1
laboratoryo,1
buktot,1
madugo,1
mapagkawanggawa,1
ibaba,1
nagkatulungan,1
makapagdesisyon,1
ipagtuloy,1
nagtulak,1
matutuloy,1
tumayo,1
sawimpalad,1
sumanib,1
pagkakulong,1
napala,1
pag-iwas,1
kasawian,1
ipinaghiganti,1
pananamit,1
humpak,1
ipinagbago,1
laki,1
tatanggapin,1
nagkulong,1
kahaliling,1
pag-uusigin,1
magpapaiwan,1
sasabay,1
maaga,1
mag-aayos,1
maimbita,1
makipagkaibigan,1
pinagkakaabalahan,1
hinintay-hintay,1
limot,1
abril,1
makasarili,1
walang-isip,1
pinakisamahan,1
murang,1
mamamahala,1
dumadalaw,1
pagkawala,1
pagsusulit,1
nakakakuha,1
namany,1
nagmadali,1
napatali,1
kurso,1
eksamen,1
pumasa,1
bihira,1
nagpaaral,1
nagbitiw,1
pagkaalis,1
nagtanggi,1
itinanggi,1
pwesto,1
natawa,1
matakot,1
tularan,1
halimbawang,1
ipinagtanggol,1
naisipan,1
hustisiya,1
apo,1
nagwala,1
nagsisigaw,1
ikinamatay,1
pagtalon,1
panghahalay,1
pinilit,1
hinihinging,1
carolinas,1
ipatatapon,1
kamakailan,1
pat,1
nakapiit,1
hihingi,1
bangungutin,1
pinapatulog,1
gabi-gabing,1
makakalabas,1
dinamdam,1
pagkakadakip,1
nagnanais,1
pagkabanal,1
patrocinio,1
plegarya,1
katutugtog,1
latin,1
awiting,1
inawit,1
kabaong,1
ipinandilig,1
bendita,1
agua,1
kamanyang,1
nagmisa,1
matatalo,1
meron,1
teorya,1
aristorenas,1
pagsasabong,1
parehong,1
pagsabungin,1
hahamunin,1
nganga,1
nananambok,1
sasabunging,1
nagpakita,1
ipinasuot,1
bandng,1
niyari,1
ipababaong,1
ipinagawa,1
nagprisinta,1
dumadalo,1
naka-prak,1
magpakita,1
suot,1
ipasuot,1
prak,1
nadalaw,1
nabili,1
damit-pransiskano,1
sirang,1
ipinirisinta,1
susuotin,1
pinagtatalunan,1
magpapaluwal,1
isinauli,1
kawalang-utang,1
pamana,1
dalawamput,1
inalis,1
pangmatrikula,1
dalawanpung,1
papa,1
testamento,1
tagapagpatupad,1
tagapamahala,1
marangya,1
hubad,1
dalagitang,1
ipinalit,1
artilyerong,1
magpayo,1
mangyayari,1
magpupugutan,1
kuwitis,1
naputol,1
nakalusot,1
adwana,1
pinadulasan,1
mehikano,1
sandaang,1
instik,1
kontrabando,1
ipasok,1
platero,1
palcido,1
nagru-rosaryo,1
paki,1
babarilin,1
luku-luko,1
nagpadakip,1
kusang,1
dumaraing,1
natahimik,1
madamay,1
napadaing,1
binaril,1
beteranong,1
gagamit,1
makasugat,1
eskopeta,1
tabla,1
nagbabaon,1
nahuling,1
nagtakbuhan,1
nagsipasok,1
maingay,1
nag-agawan,1
kwalta,1
nagsabog,1
binyagan,1
nakaladkad,1
nakahawak,1
bumubula,1
makabangon,1
nagpumilit,1
nakakapit,1
napadilat,1
kwento,1
nakakatakot,1
nagbalita,1
hinahanap,1
naghalughog,1
linisin,1
pagpapatayin,1
manahimik,1
magsisipanhik,1
kanyon,1
hilang,1
kabayuhan,1
palakarin,1
isay,1
matigil,1
dosenang,1
magpabaril,1
provincial,1
nakikipanayam,1
pinagkukulong,1
nahulihan,1
pagkamaka-kastila,1
malakanyang,1
aleman,1
pandigma,1
pansiterya,1
paglusob,1
panayam,1
nagdahilang,1
manunulat,1
papeles,1
nakapatong,1
tumanggap,1
sandatahan,1
pumuta,1
galawin,1
ipinasabi,1
mangangahulugan,1
magpapatulong,1
madarakip,1
magpapahalughog,1
bahay-bahay,1
ilalagay,1
ipinatago,1
sakali,1
maisara,1
nakapunta,1
pinatutunayan,1
nakasasama,1
pinangalandakan,1
grito,1
kahihiyan,1
pinagtatawanan,1
pagkarapos,1
hinuhubaran,1
kamiy,1
kamangmangan,1
pag-aglahi,1
maghanap,1
bumubuhay,1
hinahadlangan,1
matindi,1
pagkatao,1
katungkulan,1
opo,1
pagkakatatag,1
isisi,1
layon,1
batas,1
nangatwiran,1
pinulaan,1
pagkatalo,1
nakaranas,1
kapaki-pakinabang,1
subukin,1
talipandas,1
mandaraya,1
kabayaran,1
pagtangap,1
ibubunga,1
manlilinlang,1
pagsasayang,1
nagpapatuloy,1
napakahangal,1
napakatanga,1
sira,1
palayok,1
nayari,1
siglo,1
nagturo,1
katibayan,1
ipagpalagay,1
paghaharian,1
magkunwari,1
natutong,1
inaalipin,1
taliwas,1
wastong,1
kapos,1
tibay,1
ipagkaloob,1
ipinagkakaloob,1
lumaya,1
katambal,1
magpapahayag,1
balang,1
kontratista,1
giit,1
napakagat-labi,1
nisa-isa,1
prayleng,1
itinatangi,1
pangiti,1
inuusig,1
pararatangan,1
tapatan,1
makapagsalita,1
lumalalos,1
pumupula,1
turuang,1
paninindigan,1
pagtatalumpati,1
katedratikong,1
ipinatawag,1
dumakip,1
aanyayahan,1
pagdodoktor,1
nakapagtapos,1
maaasahan,1
sadya,1
pagdakip,1
inusig,1
pagparoon,1
makipagkita,1
beterana,1
makaharap,1
mg,1
senyas,1
makahiram,1
tanggihan,1
tutulan,1
pasalamatan,1
kaayon,1
nasasabi,1
dumako,1
pinagpupuyusan,1
namumutla,1
natanaw,1
paulit-ulit,1
ibibilanggo,1
pinaghinalaan,1
karera,1
makatatapos,1
itiwalag,1
ibabagsak,1
ipabibilanggo,1
papupugutan,1
buwitre,1
uwak,1
nilalapitan,1
nangangamoy,1
sabiy,1
mapanghimagsik,1
paskin,1
sangkot,1
kasangkot,1
nakapangingilabot,1
sinugatan,1
nahihiga,1
magdadawit,1
sirain,1
pinayuhan,1
kasapi,1
kagabi,1
pagtubos,1
nagamit,1
naimpok,1
gugugulin,1
mangutang,1
kakatagpuin,1
lisensiyatura,1
pamantasan,1
dios,1
pasyente,1
dadalawin,1
pinglilingkuran,1
bise-rektor,1
busabos,1
katagang,1
nagtitiktik,1
sumakay,1
inatake,1
nagtalumpati,1
magtalumpati,1
mahilingan,1
negra,1
eminencia,1
mag-alay,1
lutuing,1
gisado,1
alimasag,1
inihambing,1
sinegundahan,1
panunumpa,1
tortay,1
inalay,1
lumpiang,1
tinaguriang,1
lang-lang,1
kumakain,1
mapaamin,1
malalasing,1
hinanakit,1
ramdam,1
labing-apat,1
buen,1
macanista,1
panciteris,1
idinaos,1
masasarili,1
magkakatuluyan,1
magkausap,1
pinagbigyan,1
kamag-aral,1
kinaiinisan,1
pahabol,1
ipinagkaila,1
pagkainis,1
napawi,1
nabahala,1
pumapansin,1
digma,1
nagkaramdam,1
pinaghambing,1
tren,1
malimatik,1
magdaan,1
natitiyak,1
nagkapalitan,1
nagkatawanan,1
mag-uusap,1
magkasintahang,1
paalis,1
hinagpis,1
huminahon,1
pinipilit,1
maniwala,1
nag-iiyak,1
nagpabasa,1
padala,1
liham,1
makibalita,1
nagpakamatay,1
nagkakagulo,1
magtatakas,1
makiisa,1
hinimok,1
magkita,1
nagkaharap,1
pagrerepaso,1
pag-aalaga,1
pagtiisan,1
pagalingin,1
paghithit,1
sinusumpong,1
inaalagaan,1
mag-iikasiyam,1
mag-iikawalo,1
makalawang,1
ika-pito,1
pamamahala,1
ipaiilalim,1
nag-usisa,1
pagbalik,1
kapangitan,1
pinagtalunan,1
pagsipot,1
cancan,1
itinanghal,1
nalungkot,1
macaraig,1
kalalakihang,1
kahalayan,1
kakikitaan,1
nagsiganap,1
panunuligsa,1
mag-pranses,1
marurunong,1
ungas,1
inis,1
sinutsutan,1
inaway,1
pagkahuli,1
bababeng,1
namukhaan,1
pinapag-espiya,1
pumalakpak,1
mister,1
pakasalan,1
hinangad,1
paghanga,1
pransesa,1
gertude,1
karibal,1
ipahiwatig,1
tumitingin,1
makahulugang,1
pasaring,1
manuel,1
kasagutan,1
palambutin,1
kinuntsaba,1
kinauupuang,1
hinahamon,1
manonood,1
marchareal,1
nagdulot,1
pagmamatigas,1
tagapaghatid,1
kinauupuan,1
butaka,1
uupuan,1
tabing,1
buksan,1
sumisigaw,1
nagsisipadyak,1
ilong,1
naitago,1
nagbabalatkayo,1
mag-tiyahin,1
kasinungalingan,1
kahanga-hangang,1
pagsasabi,1
niloloko,1
pakiaalam,1
naaawa,1
ikayayaman,1
naiiwan,1
umaalis,1
masiglang,1
pulutong,1
lima,1
di-kilalang,1
kumausap,1
umiiwas,1
mag-amerikana,1
sanay,1
manood,1
pinuna,1
nababanggit,1
bulung-bulungan,1
matataas,1
marino,1
moralidad,1
masagwa,1
humati,1
mapupunta,1
kikitain,1
sinumbatan,1
pagdidikit,1
kinita,1
tuhod,1
amerikanang,1
abalang,1
naubos,1
variendades,1
corneville,1
choches,1
les,1
ipaalam,1
nakabuo,1
labinlimang,1
ibay,1
mag-utos,1
ipinalagay,1
madrid,1
karanasan,1
kunwaring,1
pumansin,1
magtungo,1
masipag,1
hinahawakan,1
tungkuling,1
pinupuri,1
nakapag-negosyo,1
tinta,1
monteredondo,1
sanchez,1
salazar,1
suliraning,1
lumutas,1
pinagkatiwalaan,1
pamisa,1
hihingian,1
pangaral,1
kaserahan,1
ipagpapaliban,1
rehinameyento,1
kabinero,1
pakipagkitaan,1
inatasan,1
pinangangasiwaan,1
pagawaan,1
kalabin,1
daungan,1
pagtitiis,1
magtutulisan,1
tatalon,1
nakagalit,1
makipangginggi,1
naisipang,1
nakaramdam,1
mainit,1
kristo,1
tundo,1
sibakong,1
magpaalam,1
naghinagpis,1
taga-batangas,1
sinagasa,1
nakikipag-usap,1
nagpigil,1
pag-uundayan,1
ihagis,1
habulin,1
libot,1
makapagtimpi,1
nagbabawal,1
gobernador,1
naglabas,1
hinimatay,1
kataksilan,1
napiit,1
isinakdal,1
sinangkalan,1
nagpanukala,1
abidos,1
taga-ehipto,1
saserdoteng,1
cambises,1
isumbong,1
gautama,1
sumerdis,1
babilonia,1
bumigkas,1
bumabalik,1
nakakausap,1
kinasusulatan,1
papiro,1
kahon,1
ehipto,1
paraon,1
khufu,1
piramid,1
libingang,1
kahong,1
paglabas,1
nagsiyasat,1
timog-amerika,1
namalagi,1
magaling,1
matuklasan,1
pagpasok,1
pagbayarin,1
pinaghalong,1
mulato,1
tumititig,1
nasasalubong,1
makamundong,1
kubol,1
pinamamahalaan,1
sundalo,1
pag-aralan,1
india,1
ipapadala,1
komisyong,1
kumita,1
mapipiit,1
lalakad,1
mabibilango,1
pagsisiyasat,1
gagawan,1
ililipat,1
ipangamba,1
bodega,1
itago,1
babawasan,1
makakabayad,1
nalulugi,1
siyam,1
nagkakahalaga,1
sinigil,1
suki,1
mangangalakal,1
konsulado,1
negosyanteng,1
maselan,1
maaprubahan,1
pinakikiramdaman,1
nakinig,1
balaking,1
mapasang-ayon,1
mamagitan,1
gipit,1
sinasangguni,1
pag-iisip,1
pinakamatalas,1
opisina,1
sinadya,1
kapamaraanan,1
napagkasunduan,1
pumanig,1
kataas-taasang,1
adhikain,1
sumalungat,1
ibinahagi,1
malasakit,1
aksiyon,1
debate,1
pagbukas,1
maaaprubahan,1
pag-usapan,1
abogasya,1
kursong,1
kumukuha,1
nangangasera,1
maluwag,1
tinitirahang,1
kampanilya,1
nagmura,1
magagawa,1
akalain,1
walang-galang,1
hinarap,1
nabigkas,1
tagadikta,1
placidong,1
pagsagot,1
nagkandautal,1
pinaupo,1
pakialamero,1
nasabihan,1
sabihang,1
murahin,1
tinatanong,1
nabaling,1
napasigaw,1
katatapak,1
diktahan,1
kat,1
sumenyas,1
sunod,1
pinatigil,1
kalaing,1
bubog,1
kauriang,1
isinaulong,1
ponograpo,1
iskoba,1
antuking,1
aquino,1
pintuan,1
pilosopiya,1
napabantog,1
santisimo,1
ipinakikita,1
aparador,1
nakasusi,1
apelyido,1
letra,1
pagkakasunud-sunod,1
nakaayos,1
natatapakan,1
batong,1
baitang,1
narerehasan,1
maluluwang,1
rektangular,1
magbabayad,1
nabastusan,1
limampu,1
pagkakahuli,1
pagbabakasakaling,1
takong,1
pinatunog,1
mapilit,1
lumagda,1
basahin,1
pinalalagda,1
tumawag,1
nagpasukan,1
napasunod,1
nakapapasa,1
magdadahilang,1
aalis,1
pasok,1
tiyahin,1
parating,1
pinagtinginan,1
nagsisimba,1
tinitingnan,1
nakikipagtalo,1
pagpasa,1
makatutulong,1
monumento,1
manghingi,1
natigil,1
maglakwatsa,1
papasok,1
susuko,1
katipang,1
napanhik,1
ipinagyabang,1
nangharana,1
bakasyon,1
mestisong,1
pagkakuba,1
kayabangan,1
tapikin,1
magallanes,1
liwasan,1
makunat,1
basyong,1
aral,1
magyayayang,1
kasintahang,1
sugarol,1
valerio,1
pinakamatalino,1
ag-aaral,1
sap,1
tanawan,1
kababayan,1
artes,1
batsilyer,1
ika-apat,1
nuno,1
palayain,1
nagmamakaawa,1
pabalik-balik,1
pag-iisipan,1
kahina-hinala,1
paghihimagsikan,1
makakaepekto,1
pagpapatayo,1
sukat,1
pagbabawal,1
laro,1
tinigil,1
magtatanghalian,1
kalahating,1
di-hayagang,1
ganti,1
nakatawa,1
sibylang,1
kukunin,1
pawawalan,1
halimbawa,1
ikabubuhay,1
kumikita,1
ipagbabawal,1
pagkakaharang,1
kaisipan,1
damo,1
masasamang,1
maalis,1
luminis,1
hiling,1
napalapit,1
pagsusugal,1
kundisyong,1
nanaisin,1
magpatapon,1
magpakulong,1
magpapakasama,1
pangakong,1
ipupusta,1
kondisyong,1
itaya,1
paglalaro,1
talo,1
camora,1
baraha,1
naglaro,1
bahay-aliwan,1
boso-boso,1
nangaso,1
isinawsaw,1
daliring,1
samatala,1
tumupad,1
hinuli,1
mapahamak,1
mag-ingat,1
pinagbilinan,1
sumapi,1
pagkuha,1
natanawan,1
paalila,1
minabitu,1
nagmongha,1
limandaang,1
tinawaran,1
kwintas,1
ipagbibigli,1
namili,1
inilabas,1
maleta,1
antipolo,1
singsing,1
ipinagmalaki,1
kaban,1
naghihirap,1
nakipanuluyan,1
nanatiling,1
naupo,1
kaganapang,1
maialis,1
binigyan,1
hukuman,1
pinapaalis,1
amang,1
nagpaupang,1
nautang,1
napagbilhan,1
salaping,1
nakauwi,1
magpahamak,1
nag-aanyong,1
demonyong,1
tutubusin,1
mabalitaang,1
pagturo,1
pagdadasal,1
sisi,1
ibinunton,1
kamalasan,1
nag-usap-usap,1
nangyayari,1
kabaesang,1
pagtsismisan,1
habas,1
kumibut-kibot,1
tumawa,1
sinubukang,1
pinihit,1
lalamunan,1
gulat,1
babatiin,1
ninang,1
magsimba,1
magara,1
binibihisan,1
inaliw,1
naghimala,1
dalawandaan,1
kinaumagahan,1
makapaghiganti,1
nagtumining,1
sarilinin,1
naglilihim,1
napaniwala,1
nag-iisip,1
iniiwan,1
magsadya,1
pagbubunyag,1
pinagbabawalan,1
mapalad,1
mithiin,1
bigas,1
dakot,1
kaginhawahan,1
mamamana,1
damdaming,1
magkakaanak,1
makagawa,1
pabayaan,1
pinakikialaman,1
inaapi,1
mamuhi,1
kamumuhian,1
inapi,1
danasin,1
ipinaalala,1
mang-aalipin,1
pang-aapi,1
nagbibigaay-daan,1
pagpapaumanhin,1
tutulungan,1
tangisan,1
naantig,1
kadakilaan,1
siyensiya,1
unahing,1
makapanggagamot,1
inaakala,1
kahilingang,1
pulitiko,1
pinaplano,1
hadlang,1
hinayaan,1
matatamo,1
dayuhan,1
manlulupig,1
magpalagay,1
hayaang,1
pambansa,1
layuning,1
pagtatangi-tangi,1
wikain,1
paunlarin,1
turuan,1
umunawa,1
maalam,1
nagpapanggap,1
kaalamang,1
luminang,1
tinuligsa,1
utak,1
magpapailalim,1
mawawalan,1
iilan,1
pangkalahatan,1
pinabulaanan,1
pulo,1
magbubuklod-buklod,1
manghiram,1
pagpipilit,1
hiram,1
kapintasan,1
pagkukuro,1
magbibigay,1
pantay,1
paraalan,1
pagmamalabis,1
gisingin,1
sumira,1
mapabagsak,1
daigdig,1
magtulungang,1
uhaw,1
maburilyaso,1
pagsisihan,1
sikreto,1
inakaala,1
tinutukan,1
pinagtataguan,1
asarol,1
maghukay,1
pinagtaguan,1
punong,1
nagtago,1
makarinig,1
nakatapos,1
nakapag-ipon,1
nakapagbihis,1
ikatlong,1
magmongha,1
namumuhi,1
municipal,1
lumpat,1
hinikayat,1
masikap,1
sobresaliente,1
markang,1
nakatuwaan,1
iniharap,1
natutuwa,1
gagamitan,1
labanang,1
hamunan,1
alitan,1
napahiya,1
katatawanan,1
nasagot,1
katanungan,1
katuwaan,1
loro,1
kagatul-gatol,1
tuloy-tuloy,1
pagtatanong,1
lituhin,1
nagsasaulo,1
gayunpaman,1
gulanit,1
luma,1
minamaliit,1
narito,1
adsum,1
nabibigkas,1
pinag-aral,1
paninilbihan,1
sweldo,1
madaanan,1
kapapasok,1
dumadaan,1
magpasagasa,1
hiraap,1
ipansusunog,1
maghakot,1
ipinagdasal,1
mismong,1
pagpanaw,1
anibersaryo,1
madaling-araw,1
nobyang,1
maliban,1
parol,1
naglakad,1
presinto,1
ilaw,1
namalayang,1
birheng,1
makakapagpalaya,1
kabundukan,1
naipit,1
kanang,1
nakawala,1
melchor,1
mago,1
idinaan,1
nitoy,1
mundo,1
pinaka-matandang,1
metusalem,1
bugbugin,1
kinakailangang,1
sedula,1
pang-noche,1
prusisyong,1
pag-uwi,1
maninilbihan,1
bisperas,1
namasukan,1
pantubos,1
sumapat,1
laket,1
bigay,1
liban,1
ibinenta,1
maipantubos,1
ipinatubos,1
nakakapagbayad,1
palakol,1
itak,1
kinumpiska,1
ipinaglaban,1
makabayad,1
impluwensya,1
natalo,1
problema,1
korte,1
nakipag-asunto,1
pinagbayad,1
inangkin,1
mapantay,1
tubuhan,1
maipagtanong,1
nagbungkal,1
namumuhunan,1
nakisama,1
yumaman,1
malaria,1
umampon,1
nahihilo,1
ipinagpalagay,1
nagtawanan,1
pinakmurang,1
yon,1
nakasama,1
labingtatlong,1
bakas,1
naghanap,1
navarra,1
datnan,1
dasalan,1
nagligtas,1
makakahatol,1
beateryo,1
ilagay,1
mainam,1
palagay,1
kweba,1
nagandahan,1
yungib,1
magpakasal,1
sundin,1
nagbalatkayo,1
magsalaysay,1
geronima,1
nasalin,1
malapad-na-bato,1
isalaysay,1
sinimulang,1
alinmang,1
kwenta,1
dinaanan,1
bayarin,1
pag-uusig,1
pagkamulat,1
naabutan,1
pumanhik,1
ipatawag,1
kardinal,1
lubusan,1
hahanapin,1
pagpapatakbo,1
pagtutulong,1
tula,1
hinuhukay,1
kailalimang,1
magkakasamasama,1
watak-watak,1
mumunting,1
sulak,1
itutugon,1
tinananong,1
santinakpan,1
gumugunaw,1
dagatan,1
sumusulak,1
pumapatay,1
lumuluhod,1
iinom,1
pala-inom,1
magkaibigan,1
lalawigang,1
dukha,1
napangiti,1
makabibili,1
mahirap,1
nadadalaw,1
magkabigan,1
ipinahahanap,1
magtatagumpay,1
makata,1
estudyate,1
pasahero,1
masikip,1
kargamento,1
palibhasat,1
balot,1
nadidiri,1
suhestyon,1
alagang,1
ipapakain,1
huhukayin,1
kinakain,1
mag-alaga,1
solusyon,1
konsehal,1
nagkasagutan,1
mag-uugnay,1
kanal,1
tuwid,1
pagpapalalim,1
naglalakbay,1
kabagalan,1
naiimpluwensiyahan,1
disyembre,1
tabo,1
naglalayag,1
